Nome,Data,Hor√°rio,Check-in Por,Observa√ß√µes
Jo√£o Silva Santos,02/01/2025,08:30,Recep√ß√£o,
Maria Oliveira Costa,02/01/2025,09:15,Recep√ß√£o,
Pedro Santos Lima,02/01/2025,10:00,Recep√ß√£o,
Ana Paula Ferreira,02/01/2025,18:30,Recep√ß√£o,
Fernanda Costa Alves,02/01/2025,19:15,Recep√ß√£o,
Jo√£o Silva Santos,03/01/2025,08:45,Recep√ß√£o,
Carlos Henrique Silva,03/01/2025,09:30,Recep√ß√£o,
Ana Paula Ferreira,03/01/2025,18:45,Recep√ß√£o,
Juliana Pereira Santos,03/01/2025,19:00,Recep√ß√£o,
Patricia Rodrigues Costa,03/01/2025,20:00,Recep√ß√£o,
Maria Oliveira Costa,04/01/2025,09:00,Recep√ß√£o,
Pedro Santos Lima,04/01/2025,10:15,Recep√ß√£o,
Fernanda Costa Alves,04/01/2025,19:30,Recep√ß√£o,
Jo√£o Silva Santos,04/01/2025,08:30,Recep√ß√£o,
Ana Paula Ferreira,04/01/2025,18:30,Recep√ß√£o,
Carlos Henrique Silva,05/01/2025,09:45,Recep√ß√£o,
Juliana Pereira Santos,05/01/2025,19:15,Recep√ß√£o,
Patricia Rodrigues Costa,05/01/2025,20:15,Recep√ß√£o,
Marcos Antonio Lima,05/01/2025,10:30,Recep√ß√£o,
Jo√£o Silva Santos,06/01/2025,08:15,Recep√ß√£o,
Maria Oliveira Costa,06/01/2025,09:30,Recep√ß√£o,
Ana Paula Ferreira,06/01/2025,18:15,Recep√ß√£o,
Pedro Santos Lima,06/01/2025,10:45,Recep√ß√£o,
Fernanda Costa Alves,06/01/2025,19:45,Recep√ß√£o,
,,,,
üìä RELAT√ìRIO DE PRESEN√áA POR ALUNO,,,,
Nome,Total Presen√ßas,√öltima Presen√ßa,Frequ√™ncia %,Dias sem Vir
=UNIQUE(A2:A1000),=COUNTIF($A$2:$A$1000,A29),=MAXIFS($B$2:$B$1000,$A$2:$A$1000,A29),"=COUNTIF($A$2:$A$1000,A29)/NETWORKDAYS(MIN($B$2:$B$1000),MAX($B$2:$B$1000))*100&""%""",=TODAY()-MAXIFS($B$2:$B$1000,$A$2:$A$1000,A29)
,,,,
üìÖ PRESEN√áAS POR DIA,,,,
Data,Total Presen√ßas,Meta,Status,% da Meta
=UNIQUE(B2:B1000),=COUNTIF($B$2:$B$1000,A35),30,"=IF(B35>=C35,""‚úÖ Meta Atingida"",""‚ö†Ô∏è Abaixo da Meta"")","=B35/C35*100&""%"""
,,,,
üèÜ RANKING DE FREQU√äNCIA,,,,
Posi√ß√£o,Nome,Presen√ßas,Frequ√™ncia %,√öltima Presen√ßa
1,"=INDEX(SORT(UNIQUE(A2:A1000),COUNTIF($A$2:$A$1000,UNIQUE(A2:A1000)),0),1)","=COUNTIF($A$2:$A$1000,B41)","=COUNTIF($A$2:$A$1000,B41)/NETWORKDAYS(MIN($B$2:$B$1000),MAX($B$2:$B$1000))*100&""%""",=MAXIFS($B$2:$B$1000,$A$2:$A$1000,B41)
2,"=INDEX(SORT(UNIQUE(A2:A1000),COUNTIF($A$2:$A$1000,UNIQUE(A2:A1000)),0),2)","=COUNTIF($A$2:$A$1000,B42)","=COUNTIF($A$2:$A$1000,B42)/NETWORKDAYS(MIN($B$2:$B$1000),MAX($B$2:$B$1000))*100&""%""",=MAXIFS($B$2:$B$1000,$A$2:$A$1000,B42)
3,"=INDEX(SORT(UNIQUE(A2:A1000),COUNTIF($A$2:$A$1000,UNIQUE(A2:A1000)),0),3)","=COUNTIF($A$2:$A$1000,B43)","=COUNTIF($A$2:$A$1000,B43)/NETWORKDAYS(MIN($B$2:$B$1000),MAX($B$2:$B$1000))*100&""%""",=MAXIFS($B$2:$B$1000,$A$2:$A$1000,B43)
4,"=INDEX(SORT(UNIQUE(A2:A1000),COUNTIF($A$2:$A$1000,UNIQUE(A2:A1000)),0),4)","=COUNTIF($A$2:$A$1000,B44)","=COUNTIF($A$2:$A$1000,B44)/NETWORKDAYS(MIN($B$2:$B$1000),MAX($B$2:$B$1000))*100&""%""",=MAXIFS($B$2:$B$1000,$A$2:$A$1000,B44)
5,"=INDEX(SORT(UNIQUE(A2:A1000),COUNTIF($A$2:$A$1000,UNIQUE(A2:A1000)),0),5)","=COUNTIF($A$2:$A$1000,B45)","=COUNTIF($A$2:$A$1000,B45)/NETWORKDAYS(MIN($B$2:$B$1000),MAX($B$2:$B$1000))*100&""%""",=MAXIFS($B$2:$B$1000,$A$2:$A$1000,B45)
,,,,
‚ö†Ô∏è ALUNOS COM BAIXA FREQU√äNCIA,,,,
Nome,Presen√ßas,√öltima Presen√ßa,Dias sem Vir,Telefone
=FILTER(UNIQUE(A2:A1000),COUNTIF($A$2:$A$1000,UNIQUE(A2:A1000))<5),=FILTER(COUNTIF($A$2:$A$1000,UNIQUE(A2:A1000)),COUNTIF($A$2:$A$1000,UNIQUE(A2:A1000))<5),=FILTER(MAXIFS($B$2:$B$1000,$A$2:$A$1000,UNIQUE(A2:A1000)),COUNTIF($A$2:$A$1000,UNIQUE(A2:A1000))<5),=FILTER(TODAY()-MAXIFS($B$2:$B$1000,$A$2:$A$1000,UNIQUE(A2:A1000)),COUNTIF($A$2:$A$1000,UNIQUE(A2:A1000))<5),"=VLOOKUP(A50,IMPORTRANGE(""URL_CADASTROS"",""Cadastros!B:E""),4,0)"
,,,,
üì± CHECK-IN R√ÅPIDO,,,,
Digite o nome do aluno:,,,,
,=IF(ISBLANK(B55),"","‚úÖ " & B55 & " registrado com sucesso!"),,,"=IF(NOT(ISBLANK(B55)),NOW(),"""")"
,,,,
üéØ METAS E ESTAT√çSTICAS,,,,
Indicador,Valor Atual,Meta,Status,
Presen√ßas Hoje,=COUNTIF(B:B,TODAY()),30,"=IF(B61>=C61,""‚úÖ"",""‚ùå"")",
Presen√ßas Ontem,=COUNTIF(B:B,TODAY()-1),30,"=IF(B62>=C62,""‚úÖ"",""‚ùå"")",
M√©dia Di√°ria,=AVERAGE(COUNTIFS(B:B,"<="&TODAY(),B:B,">="&TODAY()-30)),25,"=IF(B63>=C63,""‚úÖ"",""‚ùå"")",
Alunos √önicos (M√™s),=SUMPRODUCT(--(COUNTIFS(A:A,UNIQUE(A2:A1000),B:B,">="&EOMONTH(TODAY(),-1)+1,B:B,"<="&EOMONTH(TODAY(),0))>0)),40,"=IF(B64>=C64,""‚úÖ"",""‚ùå"")"
