üìä DASHBOARD SIMPLES - ACADEMIA AMIGO DO POVO,,,,,,
Data de Atualiza√ß√£o,=TODAY(),,,,,,
,,,,,,
üìà INDICADORES B√ÅSICOS,,,,,,
Indicador,Valor,Observa√ß√£o,,,,,
Total de Alunos,=COUNTA(IMPORTRANGE("SEU_ID_CADASTROS","Cadastros!A:A"))-1,Contagem autom√°tica,,,,,
Presen√ßas Hoje,=COUNTIF(IMPORTRANGE("SEU_ID_PRESENCA","Presencas!B:B"),TODAY()),Meta: 20-30 por dia,,,,,
Presen√ßas Ontem,=COUNTIF(IMPORTRANGE("SEU_ID_PRESENCA","Presencas!B:B"),TODAY()-1),Compara√ß√£o,,,,,
Presen√ßas Esta Semana,=COUNTIFS(IMPORTRANGE("SEU_ID_PRESENCA","Presencas!B:B"),">="&TODAY()-7,IMPORTRANGE("SEU_ID_PRESENCA","Presencas!B:B"),"<="&TODAY()),√öltimos 7 dias,,,,,
,,,,,,
üìÖ PRESEN√áA DOS √öLTIMOS 7 DIAS,,,,,,
Data,Presen√ßas,Status,,,,,
=TODAY()-6,=COUNTIF(IMPORTRANGE("SEU_ID_PRESENCA","Presencas!B:B"),A12),"=IF(B12>=15,""‚úÖ Bom"",IF(B12>=10,""‚ö†Ô∏è M√©dio"",""‚ùå Baixo""))",,,,,
=TODAY()-5,=COUNTIF(IMPORTRANGE("SEU_ID_PRESENCA","Presencas!B:B"),A13),"=IF(B13>=15,""‚úÖ Bom"",IF(B13>=10,""‚ö†Ô∏è M√©dio"",""‚ùå Baixo""))",,,,,
=TODAY()-4,=COUNTIF(IMPORTRANGE("SEU_ID_PRESENCA","Presencas!B:B"),A14),"=IF(B14>=15,""‚úÖ Bom"",IF(B14>=10,""‚ö†Ô∏è M√©dio"",""‚ùå Baixo""))",,,,,
=TODAY()-3,=COUNTIF(IMPORTRANGE("SEU_ID_PRESENCA","Presencas!B:B"),A15),"=IF(B15>=15,""‚úÖ Bom"",IF(B15>=10,""‚ö†Ô∏è M√©dio"",""‚ùå Baixo""))",,,,,
=TODAY()-2,=COUNTIF(IMPORTRANGE("SEU_ID_PRESENCA","Presencas!B:B"),A16),"=IF(B16>=15,""‚úÖ Bom"",IF(B16>=10,""‚ö†Ô∏è M√©dio"",""‚ùå Baixo""))",,,,,
=TODAY()-1,=COUNTIF(IMPORTRANGE("SEU_ID_PRESENCA","Presencas!B:B"),A17),"=IF(B17>=15,""‚úÖ Bom"",IF(B17>=10,""‚ö†Ô∏è M√©dio"",""‚ùå Baixo""))",,,,,
=TODAY(),=COUNTIF(IMPORTRANGE("SEU_ID_PRESENCA","Presencas!B:B"),A18),"=IF(B18>=15,""‚úÖ Bom"",IF(B18>=10,""‚ö†Ô∏è M√©dio"",""‚ùå Baixo""))",,,,,
,,,,,,
üèÜ ALUNOS MAIS FREQUENTES (ESTE M√äS),,,,,,
Nome,Presen√ßas,√öltima Vez,,,,,
=INDEX(IMPORTRANGE("SEU_ID_PRESENCA","Presencas!A:A"),2),=COUNTIF(IMPORTRANGE("SEU_ID_PRESENCA","Presencas!A:A"),A22),=MAXIFS(IMPORTRANGE("SEU_ID_PRESENCA","Presencas!B:B"),IMPORTRANGE("SEU_ID_PRESENCA","Presencas!A:A"),A22),,,,,
=INDEX(IMPORTRANGE("SEU_ID_PRESENCA","Presencas!A:A"),3),=COUNTIF(IMPORTRANGE("SEU_ID_PRESENCA","Presencas!A:A"),A23),=MAXIFS(IMPORTRANGE("SEU_ID_PRESENCA","Presencas!B:B"),IMPORTRANGE("SEU_ID_PRESENCA","Presencas!A:A"),A23),,,,,
=INDEX(IMPORTRANGE("SEU_ID_PRESENCA","Presencas!A:A"),4),=COUNTIF(IMPORTRANGE("SEU_ID_PRESENCA","Presencas!A:A"),A24),=MAXIFS(IMPORTRANGE("SEU_ID_PRESENCA","Presencas!B:B"),IMPORTRANGE("SEU_ID_PRESENCA","Presencas!A:A"),A24),,,,,
=INDEX(IMPORTRANGE("SEU_ID_PRESENCA","Presencas!A:A"),5),=COUNTIF(IMPORTRANGE("SEU_ID_PRESENCA","Presencas!A:A"),A25),=MAXIFS(IMPORTRANGE("SEU_ID_PRESENCA","Presencas!B:B"),IMPORTRANGE("SEU_ID_PRESENCA","Presencas!A:A"),A25),,,,,
=INDEX(IMPORTRANGE("SEU_ID_PRESENCA","Presencas!A:A"),6),=COUNTIF(IMPORTRANGE("SEU_ID_PRESENCA","Presencas!A:A"),A26),=MAXIFS(IMPORTRANGE("SEU_ID_PRESENCA","Presencas!B:B"),IMPORTRANGE("SEU_ID_PRESENCA","Presencas!A:A"),A26),,,,,
,,,,,,
üò¥ ALUNOS QUE N√ÉO V√äM H√Å MAIS TEMPO,,,,,,
Nome,√öltima Presen√ßa,Dias Sem Vir,Telefone,,,
Jo√£o Silva,15/08/2025,11,Verificar na planilha de cadastros,,,
Maria Santos,10/08/2025,16,Verificar na planilha de cadastros,,,
Pedro Costa,05/08/2025,21,Verificar na planilha de cadastros,,,
(Voc√™ pode preencher manualmente),,,,,,,
,,,,,,
üìä RESUMO SEMANAL,,,,,,
Indicador,Esta Semana,Semana Passada,Diferen√ßa,,,
Total Presen√ßas,=COUNTIFS(IMPORTRANGE("SEU_ID_PRESENCA","Presencas!B:B"),">="&TODAY()-7,IMPORTRANGE("SEU_ID_PRESENCA","Presencas!B:B"),"<="&TODAY()),=COUNTIFS(IMPORTRANGE("SEU_ID_PRESENCA","Presencas!B:B"),">="&TODAY()-14,IMPORTRANGE("SEU_ID_PRESENCA","Presencas!B:B"),"<="&TODAY()-7),"=B36-C36",,,
Alunos √önicos,=SUMPRODUCT(--(COUNTIFS(IMPORTRANGE("SEU_ID_PRESENCA","Presencas!A:A"),UNIQUE(IMPORTRANGE("SEU_ID_PRESENCA","Presencas!A2:A1000")),IMPORTRANGE("SEU_ID_PRESENCA","Presencas!B:B"),">="&TODAY()-7,IMPORTRANGE("SEU_ID_PRESENCA","Presencas!B:B"),"<="&TODAY())>0)),"(Calcular manualmente)","(Diferen√ßa)",,,
M√©dia Di√°ria,=B36/7,=C36/7,"=B37-C37",,,
,,,,,,
üì± A√á√ïES R√ÅPIDAS,,,,,,
Tarefa,Status,√öltima Atualiza√ß√£o,,,
Ligar para alunos inativos,‚è≥ Pendente,Verificar semanalmente,,,
Postar no Instagram,‚úÖ Feito,Diariamente,,,
Verificar equipamentos,‚è≥ Pendente,Semanalmente,,,
Limpar academia,‚úÖ Feito,Diariamente,,,
,,,,,,
üìñ INSTRU√á√ïES SIMPLES,,,,,,
"1. Este dashboard mostra apenas dados b√°sicos",,,,,,
"2. Focado em presen√ßa e frequ√™ncia dos alunos",,,,,,
"3. Sem complica√ß√µes financeiras",,,,,,
"4. Atualize manualmente a se√ß√£o 'Alunos Inativos'",,,,,,
"5. Use para acompanhar o movimento di√°rio",,,,,,
