Nome,Data,Hor√°rio,Observa√ß√µes
Jo√£o Silva Santos,26/08/2025,08:30,
Maria Oliveira Costa,26/08/2025,09:15,
Pedro Santos Lima,26/08/2025,10:00,
Ana Paula Ferreira,26/08/2025,18:30,
Fernanda Costa Alves,26/08/2025,19:15,
Jo√£o Silva Santos,25/08/2025,08:45,
Carlos Henrique Silva,25/08/2025,09:30,
Ana Paula Ferreira,25/08/2025,18:45,
Juliana Pereira Santos,25/08/2025,19:00,
Patricia Rodrigues Costa,25/08/2025,20:00,
Maria Oliveira Costa,24/08/2025,09:00,
Pedro Santos Lima,24/08/2025,10:15,
Fernanda Costa Alves,24/08/2025,19:30,
Jo√£o Silva Santos,24/08/2025,08:30,
Ana Paula Ferreira,24/08/2025,18:30,
Carlos Henrique Silva,23/08/2025,09:45,
Juliana Pereira Santos,23/08/2025,19:15,
Patricia Rodrigues Costa,23/08/2025,20:15,
Marcos Antonio Lima,23/08/2025,10:30,
Jo√£o Silva Santos,22/08/2025,08:15,
Maria Oliveira Costa,22/08/2025,09:30,
Ana Paula Ferreira,22/08/2025,18:15,
Pedro Santos Lima,22/08/2025,10:45,
Fernanda Costa Alves,22/08/2025,19:45,
,,
üìä CHECK-IN R√ÅPIDO,,
Digite o nome:,,
,=IF(ISBLANK(B28),"","‚úÖ " & B28 & " - Check-in: " & NOW()),
,,
üìà ESTAT√çSTICAS DE PRESEN√áA,,
Indicador,Valor,Per√≠odo
Presen√ßas Hoje,=COUNTIF(B:B,TODAY()),Hoje
Presen√ßas Ontem,=COUNTIF(B:B,TODAY()-1),Ontem
Presen√ßas Esta Semana,=COUNTIFS(B:B,">="&TODAY()-7,B:B,"<="&TODAY()),√öltimos 7 dias
Presen√ßas Este M√™s,=COUNTIFS(B:B,">="&EOMONTH(TODAY(),-1)+1,B:B,"<="&EOMONTH(TODAY(),0)),Este m√™s
,,
üèÜ FREQU√äNCIA POR ALUNO,,
Nome,Total Presen√ßas,√öltima Presen√ßa
=UNIQUE(A2:A100),=COUNTIF($A$2:$A$100,A38),=MAXIFS($B$2:$B$100,$A$2:$A$100,A38)
,,
üìÖ PRESEN√áA POR DIA,,
Data,Presen√ßas,Status
=UNIQUE(B2:B100),=COUNTIF($B$2:$B$100,A43),"=IF(B43>=15,""‚úÖ Excelente"",IF(B43>=10,""‚ö†Ô∏è M√©dio"",""‚ùå Baixo""))"
